{
  "Total" : {
    "transaction" : "Total",
    "sampleCount" : 100,
    "errorCount" : 0,
    "errorPct" : 0.0,
    "meanResTime" : 2307.4100000000003,
    "medianResTime" : 2389.5,
    "minResTime" : 279.0,
    "maxResTime" : 4022.0,
    "pct1ResTime" : 3713.3,
    "pct2ResTime" : 3810.2,
    "pct3ResTime" : 4021.4999999999995,
    "throughput" : 3.862495171881035,
    "receivedKBytesPerSec" : 5.616460264580919,
    "sentKBytesPerSec" : 2.2142206208960986
  },
  "HTTP Request" : {
    "transaction" : "HTTP Request",
    "sampleCount" : 100,
    "errorCount" : 0,
    "errorPct" : 0.0,
    "meanResTime" : 2307.4100000000003,
    "medianResTime" : 2389.5,
    "minResTime" : 279.0,
    "maxResTime" : 4022.0,
    "pct1ResTime" : 3713.3,
    "pct2ResTime" : 3810.2,
    "pct3ResTime" : 4021.4999999999995,
    "throughput" : 3.862495171881035,
    "receivedKBytesPerSec" : 5.616460264580919,
    "sentKBytesPerSec" : 2.2142206208960986
  }
}